{
  "PL_TARGET_DENSITY_PCT": 86,
  "CLOCK_PERIOD": 20,
  "PL_RESIZER_HOLD_SLACK_MARGIN": 0.1,
  "GRT_RESIZER_HOLD_SLACK_MARGIN": 0.05,
  "RUN_LINTER": 1,
  "LINTER_INCLUDE_PDK_MODELS": 1,
  "CLOCK_PORT": "clk",
  "RUN_KLAYOUT_XOR": 0,
  "RUN_KLAYOUT_DRC": 0,
  "DESIGN_REPAIR_BUFFER_OUTPUT_PORTS": 0,
  "TOP_MARGIN_MULT": 1,
  "BOTTOM_MARGIN_MULT": 1,
  "LEFT_MARGIN_MULT": 6,
  "RIGHT_MARGIN_MULT": 6,
  "FP_SIZING": "absolute",
  "GRT_ALLOW_CONGESTION": 1,
  "FP_IO_HLENGTH": 2,
  "FP_IO_VLENGTH": 2,
  "FP_PDN_VPITCH": 38.87,
  "RUN_CTS": 1,
  "FP_PDN_MULTILAYER": 0,
  "RT_MAX_LAYER": "met4",
  "MAGIC_DEF_LABELS": 0,
  "MAGIC_WRITE_LEF_PINONLY": 1,
  "DESIGN_NAME": "tt_um_FFT_engine",
  "VERILOG_FILES": [
    "dir::top_fft.sv",
    "dir::butterfly.sv",
    "dir::display_ctrl.sv",
    "dir::fft_engine.sv",
    "dir::io_ctrl.sv",
    "dir::memory_ctrl.sv",
    "dir::delay_cell.sv"
  ],
  "DIE_AREA": "0 0 161.00 111.52",
  "FP_DEF_TEMPLATE": "dir::../tt/def/tt_block_1x1_pg.def"
}